,RMSE,MAE,MAPE,R2
0,0.5769955741702335,0.45449317376386555,21.32460003180518,0.8396545637973314
1,0.5945201991280133,0.4639620394153255,21.85494212604304,0.8297665625539623
2,0.6157852801443247,0.4903659411846172,22.90066564547103,0.8173707876671712
3,0.6270134377117897,0.49484413289810925,23.45688535295471,0.8106499882400009
4,0.6236889650332483,0.49623029020073867,24.368986033041402,0.8126525614035912
5,0.6129486501480573,0.48007729400197663,25.093022826070648,0.8190494841546937
6,0.6082100962954307,0.48150999258458616,27.168731252456258,0.8218364367692259
