,pilhas,filters,dropout,norm,lags,num_conv,kernel_size,tipo
0,1,2,0.37541177457817765,1,45,5,2,2
1,1,1,0.43733799241206156,1,20,4,5,2
2,1,2,0.2557529512647102,1,139,4,11,2
3,1,0,0.35425622602273865,1,29,4,2,2
4,2,1,0.35581331381250236,1,24,1,11,2
5,1,0,0.3121121211177119,0,165,4,11,2
