,pilhas,filters,dropout,norm,lags,num_conv,kernel_size,tipo
0,1,1,0.2656841245712714,1,12,2,3,2
1,2,2,0.022502888523031506,1,9,1,3,2
2,1,1,0.4833109648615403,1,16,3,2,2
3,2,1,0.3723165810143502,0,33,5,2,2
4,1,1,0.37767160503025443,1,21,4,2,2
5,2,2,0.2480312592031797,0,52,4,3,2
