,RMSE,MAE,MAPE,R2
0,0.726431875708926,0.5599902934966416,28.652585237582894,0.6552402651966114
1,0.7366656378776116,0.5601304597703034,27.103727981225212,0.6454580920729863
2,0.757285948091013,0.6113542664534916,30.386151503407216,0.625332045618519
3,0.8667135859700944,0.6827157237083148,34.62743028656685,0.5092300519297734
4,0.9236609141603016,0.7637956036410519,39.28748108475519,0.44261935321030055
5,0.9184421970088875,0.7693020495785208,39.84525998425384,0.44890000112150885
6,0.9937125225762895,0.8107166056752461,42.9514303145649,0.35486845505890596
