,pilhas,filters,dropout,norm,lags,num_conv,kernel_size,tipo
0,1,2,0.4194402282973255,0,6,2,3,2
1,1,1,0.4185280583494192,1,23,3,3,2
2,1,0,0.418562156267425,0,47,4,11,2
3,2,1,0.47312613209627485,0,8,1,3,2
4,2,0,0.3272703952934662,0,19,3,3,2
5,2,1,0.23783253516771224,0,170,5,3,2
