,pilhas,filters,dropout,norm,lags,num_conv,kernel_size,tipo
0,2,2,0.3990017999946921,0,18,2,3,2
1,2,0,0.007135497896833043,1,18,1,5,2
2,1,2,0.2990658620318967,1,11,1,11,2
3,2,1,0.46652657746512544,0,4,1,2,2
4,1,1,0.2381678079879782,1,5,1,3,2
5,2,2,0.2326793739484898,1,55,4,3,2
