,RMSE,MAE,MAPE,R2
0,0.6087055086122524,0.4718758964995223,39.264155544716225,-0.653128715363372
1,0.847556373158748,0.6507463576019772,61.953921431057104,-2.2050100340420498
2,1.2581026865913951,0.9155887618949337,78.18512760583485,-6.061945884812098
3,1.1698360788936948,0.8407513004733669,75.1565828196484,-5.105795132769533
4,0.827033262001201,0.6492184139451673,55.949729157505935,-2.0516741498070017
5,1.10245315664867,0.7679105344655054,64.47914152807654,-4.422661514512262
6,1.3184006994474242,0.9313062268832037,79.46623234628147,-6.755093803208011
