,pilhas,filters,dropout,norm,lags,num_conv,kernel_size,tipo
0,1,0,0.49600176777061744,1,29,4,2,2
1,1,0,0.09844374153160612,0,27,3,5,2
2,2,0,0.18579577424515092,1,14,1,11,2
3,2,1,0.2848367582194335,1,33,2,5,2
4,1,2,0.2790840244433896,1,43,4,5,2
5,2,2,0.16496199716667326,0,152,4,5,2
