,pilhas,filters,dropout,norm,lags,num_conv,kernel_size,tipo
0,1,2,0.14330126797318787,0,6,2,3,2
1,1,0,0.09620689572304836,1,32,4,5,2
2,1,0,0.1999551803618554,0,15,3,2,2
3,2,0,0.18354180737758435,0,142,5,11,2
4,2,1,0.04986916567510241,0,7,1,2,2
5,2,1,0.003297946641258487,0,142,4,5,2
