,pilhas,filters,dropout,norm,lags,num_conv,kernel_size,tipo
0,2,0,0.32992374633590354,0,180,5,3,2
1,1,1,0.12911970752671575,1,7,2,3,2
2,2,2,0.3911278384707803,1,3,1,5,2
3,1,1,0.08539122099555774,1,31,4,2,2
4,2,1,0.45570795150799764,1,38,5,2,2
5,1,0,0.08687612958105101,0,40,3,5,2
