,RMSE,MAE,MAPE,R2
0,0.8720489867248595,0.6966716922361049,25.861533398587312,0.6337367007308463
1,0.5991236467132672,0.45714282500956743,22.373193942052456,0.8271200765260074
2,0.8065755056674286,0.6361072618116934,24.132955970070967,0.6866702026996047
3,0.6856080495009067,0.5256359944994605,27.04191724888082,0.7736067597822395
4,0.7938666371755884,0.6280738012209712,25.7898006512615,0.696466422118555
5,0.8389407248318932,0.6595850595983543,31.791768605752885,0.6610199078243866
6,1.1697511760515271,0.8548065236628588,45.649825357567686,0.3409799608910242
