,pilhas,filters,dropout,norm,lags,num_conv,kernel_size,tipo
0,2,2,0.12199105217949074,0,30,3,5,2
1,2,1,0.290063497101289,1,16,4,5,2
2,1,2,0.15621155695636074,0,16,3,2,2
3,2,2,0.24508256183619703,0,17,1,11,2
4,2,0,0.12120992723314167,0,56,5,3,2
5,1,1,0.415244698485221,1,8,2,2,2
