,pilhas,filters,dropout,norm,lags,num_conv,kernel_size,tipo
0,1,2,0.15159187831541648,0,21,1,11,2
1,2,0,0.21768800009949735,1,65,4,5,2
2,2,2,0.000837918689964634,1,153,5,3,2
3,2,2,0.28035908309431357,0,14,3,3,2
4,2,0,0.4573778098578871,1,151,5,3,2
5,2,1,0.030046869721534974,0,2,1,3,2
