,RMSE,MAE,MAPE,R2
0,1.3196911306028865,1.0896812734124917,39.158769652910586,0.1612042228681958
1,1.0729146772347244,0.8569574935301429,39.2904309522777,0.44557601209710085
2,2.5826606691232086,2.092038311516955,74.03635996231154,-2.2125236768054775
3,1.1462278810555664,0.9475923912354877,43.603738363915426,0.36721878826721754
4,2.7991925363673307,2.2952983109099527,77.07535387805397,-2.7737852489632098
5,1.1533448965430928,0.9311216679818574,43.114093961561856,0.35933642021966294
6,2.4987227567751824,2.0480170495098546,68.11601953784242,-2.0070993985486885
