,RMSE,MAE,MAPE,R2
0,0.9918507102067635,0.7882120166305631,34.14220664331214,0.5261899625155135
1,1.3738611494302155,1.1433534365608577,45.50344358548621,0.0909300026208123
2,1.8647892642961352,1.544929488213999,55.187318742103564,-0.6748316529222012
3,2.029809180011324,1.7033640918518818,63.47947813361792,-0.9843673111555176
4,2.2143131702908403,1.8851885314878254,69.84481560682482,-1.361509656950108
5,2.574174181605979,2.206636798637077,81.26338342605392,-2.191445995215982
6,2.8268613252084385,2.4399769165970033,89.63407762150895,-2.8487583844690505
