,RMSE,MAE,MAPE,R2
0,0.6149704955850115,0.47233178695663813,25.298931849211748,0.7642804683880644
1,0.786543588431858,0.5745913232838115,29.122069403390004,0.614403929382768
2,1.3831429806314361,0.9226948676229351,40.836699271137675,-0.1923977923541591
3,2.879006860940632,1.7615273652187449,67.95057987929076,-4.166214200648582
4,6.029068073477538,3.6090997399833675,128.8541218973627,-21.656216395089917
5,12.277063445996731,7.304710426607376,249.1731146656143,-92.94550593062952
6,23.923059038867788,14.333991011021245,478.91112496205255,-355.71422898612406
