,RMSE,MAE,MAPE,R2
0,0.9853509242401586,0.7629103673766368,31.608970074659737,0.24208847854293236
1,0.8883935189971252,0.6695280314148112,37.39050704076917,0.3839053808524553
2,1.9839715019029662,1.5567225712428336,62.03016615684185,-2.0726105095705436
3,1.8719140303034376,1.4150342573154777,72.27314156446832,-1.7353219549433052
4,3.767821107855958,3.0047056720042535,127.38584890198067,-10.081975917595514
5,4.660056683067109,3.541953702304687,168.616560787584,-15.951926126460965
6,7.573909522306192,6.051454739437554,266.0497095482222,-43.779256457465046
