,RMSE,MAE,MAPE,R2
0,0.5745649809811312,0.44739859306315577,22.288560978904062,0.8410026283733165
1,0.5933574012868423,0.46359479941498666,22.33337849035713,0.8304318166379725
2,0.629799899217232,0.501947652987781,23.4869568357132,0.8089632974715858
3,0.6845253366888855,0.55367740505508,24.86895773365084,0.7743212359788364
4,0.7348815453119574,0.5992737187338726,26.253546465310983,0.7398964245245436
5,0.7803771654239274,0.6364778158685991,27.450253383783096,0.7066941361095656
6,0.8366758959019975,0.6834756662214087,28.88919393224824,0.6628476784902918
