,pilhas,filters,dropout,norm,lags,num_conv,kernel_size,tipo
0,1,1,0.1099562688282904,0,8,2,5,2
1,1,2,0.17163959362151276,1,149,4,11,2
2,1,0,0.28351922933530754,1,21,4,2,2
3,1,0,0.3220198504736965,1,28,4,2,2
4,2,0,0.1832393133002979,1,55,3,5,2
5,1,0,0.3267223539390666,1,11,3,2,2
