,RMSE,MAE,MAPE,R2
0,0.5866630041627745,0.4592644789459383,21.766286113555978,0.8342364483975809
1,0.646599282739484,0.5133312316099846,22.46367094587387,0.7986358855030051
2,0.6958951127531268,0.5590760145137041,23.200784191325706,0.7667620516629867
3,0.7582636543914304,0.6078838966631085,24.378149560388156,0.7230814054549273
4,0.7882258878522467,0.6317545738328426,25.201608811374964,0.7007645597516401
5,0.8454974410641052,0.6749603786150971,26.026436808928523,0.6557006247709222
6,0.9000196708496578,0.7163507116562244,27.16346366724009,0.6098643452625132
