,pilhas,filters,dropout,norm,lags,num_conv,kernel_size,tipo
0,2,2,0.3925538235352379,0,46,4,2,2
1,1,0,0.49881347291112244,1,86,5,3,2
2,2,2,0.047157277371621176,0,7,1,3,2
3,1,0,0.32855317667952344,1,9,1,5,2
4,1,2,0.2710046955076666,0,30,4,2,2
5,1,1,0.36047498445021015,1,26,3,5,2
