,pilhas,filters,dropout,norm,lags,num_conv,kernel_size,tipo
0,2,0,0.324395510848778,1,125,4,5,2
1,1,2,0.06983439888174248,1,13,2,5,2
2,2,2,0.3043567282238374,0,11,2,2,2
3,1,2,0.45910015818838495,1,19,2,5,2
4,1,0,0.2748707486779795,0,16,2,5,2
5,2,2,0.43654444047614566,0,96,5,2,2
