,pilhas,filters,dropout,norm,lags,num_conv,kernel_size,tipo
0,1,2,0.13543292560985348,1,33,2,11,2
1,1,2,0.2467018666764515,0,24,4,3,2
2,1,2,0.38823411081075515,1,36,3,11,2
3,1,0,0.08509099042935137,1,7,2,5,2
4,2,2,0.24708804121208544,0,25,4,2,2
5,1,0,0.17096795771727508,1,12,3,3,2
