,pilhas,filters,dropout,norm,lags,num_conv,kernel_size,tipo
0,1,1,0.1458502408475006,0,24,3,3,2
1,1,0,0.45213468163128423,0,39,4,11,2
2,2,0,0.2552897322423221,1,22,2,3,2
3,1,1,0.4117951652297189,0,44,2,11,2
4,2,2,0.4629303379651616,1,132,5,3,2
5,1,2,0.011852838090342377,0,19,2,11,2
