,RMSE,MAE,MAPE,R2
0,0.43846254895589004,0.33341923020260283,28.27706808802453,0.34913711851379237
1,0.4402330828254964,0.3265056349198486,26.591290796306772,0.3438700714074824
2,0.4430339268301432,0.33594379922505035,26.764121697784205,0.33549467392991916
3,0.454028433364269,0.33628862294693324,25.56385678098784,0.3021041777805611
4,0.47928950183902563,0.3785812567815532,28.629088480828628,0.22228526209865118
5,0.490125573564522,0.3756102643941724,27.334015830054724,0.18672162775844492
6,0.4947495879981725,0.3871949168658534,27.33727972955315,0.17130374063446185
