,RMSE,MAE,MAPE,R2
0,0.7978193623426216,0.6479725880378946,25.327280010080287,0.6934362614642564
1,0.869438729977885,0.7067205183863462,26.138024775477636,0.6359260511676079
2,0.907098937510649,0.7427483847055228,26.705475590892192,0.6037028436122505
3,1.026458973494973,0.8512035388628997,30.2268289398733,0.49254816058162765
4,1.2144652430987217,1.0228047952247519,35.263939812549374,0.2896345672505982
5,1.320973657076446,1.0895807720593043,36.05892284074087,0.1595730828139993
6,1.3154730739791956,1.1116789468121493,37.44318204217241,0.166557647927997
