,pilhas,filters,dropout,norm,lags,num_conv,kernel_size,tipo
0,2,2,0.3538310864771155,0,29,3,5,2
1,2,2,0.47669961076549777,1,41,3,3,2
2,2,0,0.4124028548088365,0,29,2,5,2
3,1,0,0.028913197977305516,1,38,4,3,2
4,1,2,0.18868930673141926,0,43,4,3,2
5,2,0,0.12508378086374888,0,64,4,2,2
