,RMSE,MAE,MAPE,R2
0,0.5798449602906204,0.449811488039969,22.053846116347597,0.8380669807910933
1,0.6202191743520797,0.4853922831401938,21.95956230652461,0.8147313160141667
2,0.6796050458784215,0.5404972810901347,22.812074280224586,0.7775538830585823
3,0.7492049303497004,0.5917124404802564,23.483670430169177,0.7296583917930675
4,0.8133643438196971,0.6390434373533131,24.382980461437683,0.6813734952845791
5,0.8760128111496618,0.6811012503364612,25.032868806593235,0.630399496151506
6,0.9199297923696612,0.7140277425645897,25.547203875571224,0.5924123583407006
