,pilhas,filters,dropout,norm,lags,num_conv,kernel_size,tipo
0,2,1,0.10136905415741088,0,28,3,3,2
1,1,2,0.04931328937423907,0,10,1,5,2
2,2,1,0.17805714150044938,0,10,2,2,2
3,1,0,0.07651101871280608,1,13,2,5,2
4,2,1,0.19550311951399718,1,8,1,11,2
5,1,0,0.46193612531453004,0,74,3,11,2
