,pilhas,filters,dropout,norm,lags,num_conv,kernel_size,tipo
0,2,0,0.3422726712480209,1,86,3,11,2
1,2,0,0.02109128161053514,1,6,2,5,2
2,1,0,0.43394330781953006,0,49,5,2,2
3,1,1,0.3200065499235231,0,52,4,5,2
4,1,0,0.34644118383051153,1,2,1,11,2
5,1,0,0.07077587498480498,1,20,4,2,2
