,pilhas,filters,dropout,norm,lags,num_conv,kernel_size,tipo
0,1,2,0.4494590022832317,1,35,4,3,2
1,1,0,0.1181466540290192,1,8,1,11,2
2,2,1,0.060413999994426426,1,38,3,11,2
3,1,0,0.009575745928894264,0,7,2,3,2
4,1,0,0.45978445085051967,1,21,3,3,2
5,2,2,0.4127890520440406,0,24,2,3,2
