,RMSE,MAE,MAPE,R2
0,0.5502166000286268,0.42756232375500813,21.174016129755888,0.854192784117024
1,0.5788835999929501,0.4483932358647608,21.141288668726816,0.8386034929067723
2,0.582792214745318,0.4620189222904543,20.952335800398856,0.8364166405946386
3,0.6143347608895563,0.47545144178821996,20.353359492331784,0.8182301625015409
4,0.6278035801660603,0.4942727926707871,20.327472339627317,0.8101724617849432
5,0.6540834289130619,0.5184055711947426,21.0676488399082,0.793947478904662
6,0.6688439728738689,0.5337434101909665,21.417455991183836,0.7845426691634046
