,RMSE,MAE,MAPE,R2
0,0.5815956072440521,0.4562010566691558,22.239425334415024,0.8370877000734515
1,0.6275691823785949,0.4959778942040035,22.154233785016437,0.810314183973126
2,0.6930343984378197,0.5571644853098051,22.92374083056856,0.7686757185161291
3,0.7736304336333037,0.6185923223261321,23.98211851924919,0.7117437505983203
4,0.8502367111526682,0.6772490235020717,25.130597877777117,0.6518300018312102
5,0.9336338048669601,0.7374557599936212,26.251666940811557,0.580178403383115
6,1.0113488930904304,0.7968923066265527,27.53866647884348,0.5073781775975781
