,RMSE,MAE,MAPE,R2
0,0.5813562707035629,0.4557702031486801,22.092692781882032,0.8372217548808737
1,0.6353511635475998,0.5046488061214885,22.212944562772044,0.8055807341796959
2,0.7046914016436133,0.5667530128082615,23.016170817408504,0.7608284134328689
3,0.7811131072743975,0.6243650877637169,23.9418675239401,0.7061406656793343
4,0.8478876948367382,0.6761135994638539,24.813399211440306,0.6537511779378928
5,0.9236497381164129,0.7335179837091959,26.1057855987746,0.5891093465573272
6,0.9839115112251461,0.7803087856278982,26.990598308644987,0.5337447630694376
