,pilhas,filters,dropout,norm,lags,num_conv,kernel_size,tipo
0,2,2,0.38455682176156164,1,4,1,2,2
1,1,1,0.10471534906124408,1,101,5,11,2
2,1,0,0.3368827237665688,1,41,4,3,2
3,2,0,0.3782194562526121,0,6,2,3,2
4,1,1,0.2805785357529856,1,80,3,11,2
5,1,1,0.16555145719468356,1,51,5,2,2
