,pilhas,filters,dropout,norm,lags,num_conv,kernel_size,tipo
0,1,1,0.11562602643366215,1,24,2,11,2
1,2,1,0.24391191823173575,1,27,1,11,2
2,1,1,0.17734986467725067,1,29,4,2,2
3,2,2,0.3138114460087329,1,12,1,3,2
4,2,1,0.1897159980605882,0,37,4,5,2
5,2,2,0.1557032722182507,1,78,5,3,2
