,pilhas,filters,dropout,norm,lags,num_conv,kernel_size,tipo
0,2,1,0.43609230294168205,1,4,1,2,2
1,2,1,0.06565749450192404,1,7,2,2,2
2,1,0,0.23844497022667266,1,14,3,3,2
3,2,0,0.34130124238817394,1,38,3,3,2
4,1,0,0.35159417549769206,1,6,2,2,2
5,2,1,0.30435611039335847,0,12,1,3,2
