,pilhas,filters,dropout,norm,lags,num_conv,kernel_size,tipo
0,1,0,0.48153388291049726,1,21,4,3,2
1,1,2,0.20914876408144095,1,143,4,11,2
2,1,0,0.43214179287160903,1,6,2,3,2
3,2,0,0.4738984835373543,0,23,3,2,2
4,2,2,0.37671416523262236,0,20,3,2,2
5,2,1,0.24926876151770272,1,22,1,11,2
