,pilhas,filters,dropout,norm,lags,num_conv,kernel_size,tipo
0,1,0,0.1005769825688827,0,72,5,5,2
1,2,2,0.2689873544007726,0,55,4,2,2
2,2,1,0.09576394762061058,0,82,5,2,2
3,1,0,0.1397769770738681,1,7,1,5,2
4,1,0,0.17641398804767572,0,8,1,11,2
5,2,1,0.16301733831478116,1,14,3,3,2
