,RMSE,MAE,MAPE,R2
0,0.7344012545899881,0.5958403448668265,23.703608885888645,0.7402363010981686
1,0.672610749006479,0.5387641122092803,21.52428809771201,0.782109022814004
2,0.8009812924194927,0.6409133940601632,24.261797877470983,0.6910014899126997
3,0.8182396069607198,0.6484510366058066,24.110142653884477,0.677542386804794
4,0.8491524343703327,0.684708994210476,25.281310068026595,0.6527174533517445
5,0.9420176714307615,0.746824282410599,25.87605159267653,0.5726047026516099
6,0.9806780344369822,0.7956847043945676,27.786813121527427,0.5368042825016492
