,pilhas,filters,dropout,norm,lags,num_conv,kernel_size,tipo
0,1,0,0.2016342118363395,0,22,3,3,2
1,2,1,0.15205399711637813,1,83,2,11,2
2,2,0,0.01883583232405872,1,30,3,3,2
3,2,0,0.21251178160340695,0,27,4,3,2
4,2,0,0.0015600085959890375,0,12,2,2,2
5,2,0,0.18584766126982127,1,137,5,3,2
