,RMSE,MAE,MAPE,R2
0,0.6058236690816743,0.46975380567847075,22.158907103676782,0.8232318106782925
1,0.6350213180975338,0.4963892175988072,22.61731832518887,0.8057825490740792
2,0.6969968563524332,0.5419788420778212,23.613082863521473,0.7660229407578087
3,0.7174701936398702,0.5573670312274425,23.406040031460325,0.7520755452675709
4,0.7543870872732152,0.5926799906960112,24.162514069049866,0.7259056195222597
5,0.7978743283080267,0.6360296509421786,25.70673435610934,0.6933940184375655
6,0.8460675146663553,0.675645775589848,26.448281155968406,0.6552361830239903
