,pilhas,filters,dropout,norm,lags,num_conv,kernel_size,tipo
0,1,2,0.17588788154954937,0,31,2,11,2
1,2,2,0.10479007591292272,0,20,2,5,2
2,2,2,0.2983952022687166,0,17,1,5,2
3,2,2,0.4449321969703207,1,37,1,11,2
4,1,0,0.42282631668150517,1,63,5,5,2
5,2,1,0.2220218229788405,1,49,3,5,2
