,pilhas,filters,dropout,norm,lags,num_conv,kernel_size,tipo
0,2,1,0.2118894020255056,1,68,5,2,2
1,1,0,0.3792537854812052,0,34,5,5,2
2,1,1,0.2668872970584008,1,22,3,3,2
3,2,2,0.39684930645357397,1,17,4,2,2
4,2,1,0.15239555919989467,0,3,1,2,2
5,1,0,0.2772598857128753,1,28,3,5,2
