,pilhas,filters,dropout,norm,lags,num_conv,kernel_size,tipo
0,2,0,0.2592646830642789,1,34,4,2,2
1,2,1,0.46611198278501487,0,10,2,5,2
2,2,2,0.04835046144857774,1,43,4,2,2
3,1,2,0.28989901698191484,0,32,4,3,2
4,2,0,0.4938544413687554,1,82,3,11,2
5,1,0,0.41480570953299156,0,10,3,3,2
