,RMSE,MAE,MAPE,R2
0,0.5803668486772142,0.4457572460983481,22.53231947776836,0.8377753545810229
1,0.5720976979221141,0.44097553854684035,21.704761542178602,0.8423652218136192
2,0.5729186165782684,0.44237663118612197,21.172358972401938,0.8419125083195126
3,0.5862236062666785,0.4539410446825482,21.271255112463994,0.8344846620362613
4,0.6010546525445087,0.47060201568688664,21.48450695104535,0.826003879156373
5,0.6191377678539178,0.4867776990263235,21.62033142466918,0.8153768171611511
6,0.642022960618848,0.5097692376651933,22.075240692093097,0.8014761177201541
