,RMSE,MAE,MAPE,R2
0,0.6676594940664805,0.5360530491364854,22.322404036317483,0.785305115046965
1,0.7342763047266812,0.5935295323566312,23.21757533959479,0.7403246851452777
2,0.8050771132813002,0.6449270518074434,23.475317165232905,0.6878332801490418
3,0.8834634330206542,0.705989457581015,24.58310670435404,0.6240857434109435
4,0.9539067603798405,0.7638509288628896,26.37623750214308,0.5617484175751817
5,1.0224545969367482,0.8222920483400425,27.840523094328805,0.49649973521439494
6,1.091886457484084,0.8827019538489127,29.581276959012975,0.4257954908362134
