,pilhas,filters,dropout,norm,lags,num_conv,kernel_size,tipo
0,1,2,0.05779695610375385,0,38,4,3,2
1,1,2,0.09202890513452083,1,23,4,2,2
2,1,1,0.3111517068661065,1,48,5,2,2
3,2,0,0.10464343316548519,1,49,5,5,2
4,1,1,0.39930838600915963,1,4,2,2,2
5,1,0,0.3929230220246396,1,4,1,2,2
