,RMSE,MAE,MAPE,R2
0,0.5536296067608482,0.42782350323810464,20.89593121817346,0.8523782825228081
1,0.5676008347567849,0.44056218155225113,20.820944772022823,0.8448335977354898
2,0.5808932617383771,0.45462119475219925,21.066896613182703,0.8374809342449923
3,0.6087300897853835,0.4822044178978318,22.123450440837605,0.8215316621630016
4,0.6385826958796085,0.5119684890437693,22.997569825383263,0.8035979884382535
5,0.671696949910945,0.5380398661111081,23.521347606525282,0.7827006676105676
6,0.7061716719232235,0.5629441419336056,23.96565157764939,0.759822553460395
