,pilhas,filters,dropout,norm,lags,num_conv,kernel_size,tipo
0,2,2,0.06287623148522453,0,14,2,2,2
1,1,2,0.3618064659546141,1,60,4,5,2
2,2,0,0.1701675926366159,0,5,2,2,2
3,1,0,0.4092064421241066,0,6,2,2,2
4,1,1,0.2161002828681176,0,32,4,2,2
5,1,2,0.247793114126721,0,8,1,5,2
