,pilhas,filters,dropout,norm,lags,num_conv,kernel_size,tipo
0,1,1,0.07501448493474855,1,48,5,2,2
1,1,1,0.41102560096683605,1,123,4,11,2
2,2,2,0.12529522007206995,1,58,5,2,2
3,1,2,0.2652540925268372,1,58,3,11,2
4,2,2,0.16553970741826324,1,16,3,2,2
5,2,2,0.09394823400348856,1,67,2,11,2
