,RMSE,MAE,MAPE,R2
0,0.5839096531252782,0.46116150779809273,21.616266106906387,0.8357887338956502
1,0.6915004242469579,0.549379763303768,23.69528069075192,0.7696986194508889
2,0.7508726303746297,0.6046012698340983,24.301633194144102,0.7284535131971022
3,0.8271224690138217,0.6576284132003783,24.377552467501207,0.6705031424640828
4,0.9180876528753077,0.7329915164744569,26.12364051465463,0.5940430948047783
5,1.0050378009121141,0.8030083264453071,27.80317273109325,0.5135071827422688
6,1.0717119236375618,0.859444029338303,28.82812918056985,0.44681835073525966
