,pilhas,filters,dropout,norm,lags,num_conv,kernel_size,tipo
0,1,2,0.17494800346421802,0,87,3,11,2
1,1,0,0.009613068427785143,0,8,2,2,2
2,2,1,0.39602348579511404,1,47,3,3,2
3,1,1,0.44165203881441073,1,2,1,3,2
4,2,2,0.20597817718900052,1,58,5,2,2
5,2,0,0.2540106190306986,1,6,1,3,2
