,pilhas,filters,dropout,norm,lags,num_conv,kernel_size,tipo
0,1,1,0.19869303428934176,0,140,4,11,2
1,2,1,0.43361413271899274,0,3,1,2,2
2,1,2,0.11917812875395012,1,2,1,2,2
3,1,0,0.4911881992812779,0,2,1,11,2
4,1,1,0.11733460813608898,0,20,4,3,2
5,2,2,0.10523956548293462,0,37,5,5,2
