,pilhas,filters,dropout,norm,lags,num_conv,kernel_size,tipo
0,2,2,0.49707767528884106,1,173,5,5,2
1,2,0,0.2767516907245273,1,13,1,5,2
2,1,1,0.46601809078475176,1,136,5,11,2
3,1,1,0.4741844817954688,0,11,1,11,2
4,2,2,0.4405598288019691,0,15,2,2,2
5,1,0,0.08682125050826894,0,5,2,3,2
