,RMSE,MAE,MAPE,R2
0,0.5617268212492864,0.42922809399813405,24.763772490331807,0.8327810570751251
1,1.5042238214790382,1.228927883590758,53.60797502586492,-0.1991129019206761
2,1.2660793671951502,1.0844200149320067,57.90908040284401,0.15051245769180288
3,3.5819745122623314,3.064983347581328,119.98649026378065,-5.799549414250673
4,3.420326161376294,3.0923743211485455,136.19242891718918,-5.199693168412173
5,6.287679122502995,5.46620065778196,213.15996779673685,-19.951537203317404
6,8.53182219736119,7.495012427077443,298.7513384185748,-37.576137774375475
