,RMSE,MAE,MAPE,R2
0,0.5817294121483466,0.4476686808246942,22.877865642547086,0.8370127305518028
1,0.5826834014846017,0.4534886162351994,22.928201269035846,0.8364777202609792
2,0.5958493692300922,0.46687296427502517,23.185314792986638,0.8290045291326394
3,0.6121423724689666,0.4819894390652577,23.276273114523395,0.8195252186400394
4,0.6355456618100317,0.5064188271363576,23.886595645560803,0.8054616819152667
5,0.661283678276912,0.5304446788295393,24.399913659419944,0.789385994918974
6,0.6855911856981666,0.5556707440458593,25.06921890821165,0.7736178967693094
