,RMSE,MAE,MAPE,R2
0,0.5541856105632073,0.4233611932134345,22.259968552121933,0.8520816240698053
1,0.5647783587151053,0.437942444291498,23.444038893728166,0.846372935006102
2,0.5568368153775474,0.4277729021725909,22.485917721201336,0.8506629659616987
3,0.5772833553674132,0.44476503570768094,22.861330556653073,0.8394945767502717
4,0.5583291516798803,0.4344279718661593,22.52044769750727,0.8498614395267083
5,0.5587162346359708,0.43890368949941233,22.149715163129137,0.8496531888085475
6,0.5738842875618632,0.43938292444249,22.1651278982956,0.8413791370656475
