,RMSE,MAE,MAPE,R2
0,0.6124349739801335,0.47299909369150794,24.45384804970481,0.8193526450135805
1,0.6835022009929741,0.519247264674022,26.120101808279415,0.7749953598655674
2,0.8288928289155054,0.6334840886919272,30.344771382950714,0.6690911331927951
3,1.0186977439565055,0.7924084874803112,35.123701308293555,0.5001930069191838
4,1.2639856896940045,1.0097846154286747,43.07217551555454,0.2305224496416729
5,1.485309562493516,1.212755393767286,50.7915240016395,-0.06254074717058988
6,1.6328783010482844,1.362964838466474,56.668880184108616,-0.2841604056653535
