,RMSE,MAE,MAPE,R2
0,0.5842402464428859,0.4548577740472697,21.809979751093287,0.8356027376036153
1,0.6432801392725204,0.5137531467516839,21.958619711250403,0.8006978765662793
2,0.724478381764051,0.5831780464863239,23.033701790737766,0.7472084800786588
3,0.8069245579487685,0.645293534492586,24.04735458570703,0.6863989518499269
4,0.8802159361059374,0.70033895689728,25.0627677436008,0.626844288083638
5,0.9493965574050999,0.7506839120873539,25.982993876211385,0.5658828484130531
6,1.0005544214566813,0.7945825397669605,27.06927533958712,0.5178378994329544
