,RMSE,MAE,MAPE,R2
0,0.5843974141531773,0.44863877416352427,27.002529724594265,0.7260854068881121
1,0.5709370183881174,0.4406347975403071,25.759954380843773,0.7385582122533412
2,0.5750137773692423,0.4494258449614048,25.670249590213402,0.7348112475126631
3,0.5852933481097135,0.45411625909109915,25.139845455384734,0.725244891524508
4,0.6045965389161696,0.4695926240424315,25.46271126443748,0.706822989160399
5,0.6146612334361876,0.47390160527726,25.448585137332447,0.6969807315091132
6,0.637941558053722,0.49816574665506685,26.297303632708363,0.6735923049356511
