,pilhas,filters,dropout,norm,lags,num_conv,kernel_size,tipo
0,1,2,0.4089540581162652,0,47,5,2,2
1,2,0,0.06041457203628542,0,3,1,2,2
2,2,0,0.07671638700845879,1,28,2,5,2
3,1,2,0.33097270515364374,0,51,5,3,2
4,2,2,0.26906238121574,0,8,3,2,2
5,2,2,0.2734882001727384,1,13,1,5,2
