,pilhas,filters,dropout,norm,lags,num_conv,kernel_size,tipo
0,1,0,0.24363887602856188,1,41,4,11,2
1,2,0,0.11666234415163751,1,43,3,5,2
2,2,2,0.1574849243322367,1,69,4,11,2
3,2,2,0.38061127032330344,0,116,5,2,2
4,1,1,0.41238381561598625,0,14,3,2,2
5,2,0,0.034352018813985086,0,7,2,11,2
