,RMSE,MAE,MAPE,R2
0,0.551352669046255,0.42977895603080596,21.359690419323375,0.8535900466794929
1,0.562649017746145,0.4338022921794937,20.78228610168928,0.8475291681805588
2,0.5882527951522494,0.46083207120498015,20.985826050935103,0.8333368298212653
3,0.6313362996262339,0.49696516226090137,21.542561879161635,0.8080300903480717
4,0.6657845661380668,0.5300015040600584,22.10359870259754,0.7865092385101194
5,0.7084811247403386,0.5606461666006418,22.532966867607605,0.758249039516033
6,0.7371533890741462,0.5853343484252691,22.87753929225932,0.7382857484134988
