,pilhas,filters,dropout,norm,lags,num_conv,kernel_size,tipo
0,1,1,0.07657019161307099,0,16,4,2,2
1,1,0,0.08186524624077851,0,57,4,11,2
2,2,0,0.4452963743928014,0,96,5,2,2
3,1,1,0.2333966431661923,1,12,2,11,2
4,2,1,0.459171168988046,1,92,4,5,2
5,2,2,0.0011125944110504937,0,22,2,11,2
