,RMSE,MAE,MAPE,R2
0,0.6333733197623749,0.5039544694040502,22.65036060131926,0.8067893017800496
1,0.770529569532062,0.6236464220001583,24.413299938149947,0.714049895925824
2,0.8816004262760314,0.7093590240123727,25.673797110586417,0.6256694929057484
3,0.9877688579781577,0.7870982015331587,26.699426075924425,0.530081763790228
4,1.0900363368978756,0.8860381703525781,30.003976189105934,0.42773973612150773
5,1.1958325170166784,0.9794863570673126,32.62662912110434,0.31126467765870935
6,1.2839724468803568,1.0503339918085508,34.38147709013684,0.20599534611865167
