,RMSE,MAE,MAPE,R2
0,0.5849776827656267,0.441491415810727,22.99915355407127,0.8351874665773996
1,0.6645416835945467,0.504694566130638,26.57264274685819,0.7873055809996308
2,1.13031718038344,0.9163867505425144,42.5562232869017,0.3846640382098102
3,2.435671264717133,2.082163413890327,85.6841507874291,-1.8572548893248588
4,5.313389252638717,4.617577886249339,179.32862070717601,-12.597369692387307
5,11.61672268938345,10.07547268232597,379.44673221512437,-63.994840732596245
6,26.00280670433407,22.413286149884975,828.0627933651557,-324.650759041431
