,pilhas,filters,dropout,norm,lags,num_conv,kernel_size,tipo
0,1,0,0.47192062708581467,1,8,3,2,2
1,1,1,0.24695107793002574,0,2,1,2,2
2,1,1,0.22470022725387095,0,21,3,11,2
3,1,2,0.11277326436857832,0,8,3,2,2
4,2,0,0.1739831033824249,0,114,3,11,2
5,1,0,0.0030569111915760283,0,6,1,3,2
