,RMSE,MAE,MAPE,R2
0,0.6078309257570826,0.4593391276718605,24.06596893728996,0.8220585090998579
1,0.6202277133241223,0.46362379820006233,24.696969865523943,0.8147262145433686
2,0.6453732997832541,0.48570657654177574,25.49331709637212,0.79939875345323
3,0.6952674079729795,0.5308079484041248,27.2328374735057,0.7671826281066504
4,0.7586657313479162,0.5811877594854505,28.9358605472952,0.7227876498323046
5,0.8446355494598414,0.6545840118083927,31.103334012054756,0.6564022176442159
6,0.9557341108462217,0.7499130543417164,34.11508981873716,0.560067736967303
