,pilhas,filters,dropout,norm,lags,num_conv,kernel_size,tipo
0,2,1,0.4608172349381879,1,55,2,11,2
1,2,2,0.4609789529541225,1,23,3,3,2
2,2,1,0.06268828293093137,1,68,4,3,2
3,1,0,0.14841722896133858,1,46,5,2,2
4,1,1,0.1386379969248373,1,18,3,3,2
5,1,1,0.24045246345389776,0,8,2,2,2
