,pilhas,filters,dropout,norm,lags,num_conv,kernel_size,tipo
0,2,2,0.16734577813927193,0,33,4,3,2
1,2,2,0.09598283602739405,1,16,2,2,2
2,2,2,0.4721095167366106,0,77,5,5,2
3,1,2,0.4613597955355785,1,3,1,5,2
4,1,0,0.07499875752475627,0,142,5,5,2
5,1,2,0.3257230390696597,1,3,1,5,2
