,RMSE,MAE,MAPE,R2
0,0.5673490966698682,0.4459237204055701,20.794568080877028,0.8449712037035638
1,0.632462952859581,0.4928134659159751,26.056785428655033,0.8073443179498442
2,0.7018225956173267,0.5558051254809613,26.082030247743194,0.7627717896456547
3,0.9320512949334422,0.7447897152286911,45.00970662027186,0.5816003930071522
4,0.9620917291868961,0.7856763507273891,39.54486535695085,0.5541953419931882
5,1.4054479870238026,1.092562341371618,70.2273061256582,0.048648088272832846
6,1.1949652205701535,0.9804101176857949,47.32253799959907,0.31226334774813935
