,RMSE,MAE,MAPE,R2
0,0.7290286883469418,0.5878999548412503,23.214208717788118,0.744023039948638
1,0.7455026410991881,0.5963247473612427,23.46551091520115,0.7323236434382578
2,0.7159438756770429,0.5728328891297182,23.07392535942575,0.7531292727759367
3,0.6294239532144488,0.497661517108835,21.994938780848823,0.8091913002045583
4,0.6486172998156885,0.5194711229302699,24.08552974552283,0.797377021333873
5,0.6906153417582287,0.5628612852529401,24.548626049740722,0.7702877883440954
6,0.7020605706680868,0.5696708053685725,24.38839550353362,0.7626108829804272
