,RMSE,MAE,MAPE,R2
0,0.5483223602793299,0.4249032305280368,21.332178766631564,0.8551950017728798
1,0.5680132530892372,0.43679917640451876,21.037664093972705,0.8446080282375
2,0.5849696392531841,0.462193827975364,21.452919451521467,0.8351919989299602
3,0.6177905425394283,0.48807064210375145,21.86031024330031,0.8161794120761833
4,0.6555776427087101,0.5238367921142351,22.784193576244693,0.7930049746917931
5,0.6917626311513688,0.5529073955090273,23.025053544256828,0.7695239324693048
6,0.7318281605662845,0.5841970244592853,23.701293735093564,0.7420533609121658
