,RMSE,MAE,MAPE,R2
0,0.5611360301429918,0.43371935544198464,22.64752828512277,0.8483480670256578
1,0.5632435965042016,0.43748560012806026,22.93431203480913,0.8472067511310832
2,0.5733145732406215,0.44866368376144344,23.496457136694293,0.8416939173210025
3,0.593495706284243,0.4726784938169377,24.63600958694216,0.8303527585177806
4,0.624145777197777,0.5033795590407791,26.083967372793964,0.8123780209335087
5,0.6527258777184005,0.5325181656160524,27.299082976881962,0.7948019159598364
6,0.6836488367512903,0.5637427475175686,28.585964443414902,0.774898806364636
