,pilhas,filters,dropout,norm,lags,num_conv,kernel_size,tipo
0,2,1,0.3571877306443764,0,78,2,11,2
1,1,0,0.14768750109028078,1,135,5,11,2
2,2,2,0.06827050089886033,1,2,1,3,2
3,1,1,0.20274039563903945,0,71,4,5,2
4,1,2,0.17892894140699495,1,163,5,11,2
5,2,1,0.15022558982456147,1,2,1,5,2
