,RMSE,MAE,MAPE,R2
0,0.5873688772181216,0.45824592251011304,22.590662143011066,0.8338373149398907
1,0.627714859989712,0.4967573818905013,22.724610550938664,0.810226110229104
2,0.6975123151827298,0.5637780344770067,23.97049674748167,0.7656767408097367
3,0.7710474590246602,0.6235609336481207,25.24480905038869,0.7136653803210035
4,0.8423729896826124,0.6772184625353133,26.463363387742355,0.6582405709593848
5,0.909458876888502,0.7258915729480131,27.548365435911016,0.6016381210148172
6,0.9694921112891662,0.7707234854620127,28.638138677493526,0.5473107319322841
