,RMSE,MAE,MAPE,R2
0,0.6225718857158483,0.48282541268039497,28.593487547902573,0.6974371083899138
1,0.6058154253942739,0.4684361264309846,28.639923348545217,0.7135048284509069
2,0.6020576621865975,0.4668253370895982,29.450136213305488,0.7170479607365772
3,0.6065043777739585,0.4708372620327864,30.752915257678236,0.7128528352656085
4,0.6178348282282891,0.48028433076594956,32.43061529872647,0.7020239042940157
5,0.6341931604340778,0.49481435450958083,34.3116416712317,0.6860360672295602
6,0.6521335133851476,0.5119006160885329,36.23714617772894,0.6680217041840159
