,pilhas,filters,dropout,norm,lags,num_conv,kernel_size,tipo
0,1,0,0.3822676364902596,1,16,1,11,2
1,2,2,0.43554184171913984,1,8,1,2,2
2,1,0,0.34532283809897685,0,59,5,2,2
3,2,0,0.06021704265568645,1,60,3,5,2
4,2,2,0.10302660668287883,0,31,3,2,2
5,1,0,0.25522699235589735,1,131,4,11,2
