,pilhas,filters,dropout,norm,lags,num_conv,kernel_size,tipo
0,1,0,0.24939296302590108,1,33,5,3,2
1,2,0,0.1583864432026436,0,66,4,3,2
2,1,2,0.19843114942049805,0,9,1,5,2
3,2,2,0.3566206932835294,1,76,3,5,2
4,1,2,0.3619906411201224,1,26,4,3,2
5,1,2,0.3699029658505122,0,47,4,3,2
