,RMSE,MAE,MAPE,R2
0,0.5620595907423527,0.4374881425664339,21.18881544802484,0.8478484555122029
1,0.5718751827503529,0.4457565507890568,21.094404594373138,0.842487820833014
2,0.669566107796512,0.5370987403389688,22.404231512302843,0.784077169697871
3,0.6526839215275614,0.5177336356686872,21.544222084382376,0.7948282947309886
4,0.7868946210595303,0.6271540635705348,23.810226418475562,0.701774488011718
5,0.7735599953339592,0.6161326660822544,23.136431225474517,0.71179623911159
6,0.851472358904922,0.6736207874221728,24.418454502581234,0.6508172765848199
