,pilhas,filters,dropout,norm,lags,num_conv,kernel_size,tipo
0,2,0,0.11831454519903828,0,117,5,2,2
1,2,1,0.43977798857713124,0,7,1,2,2
2,2,2,0.12032538194230313,1,15,2,2,2
3,1,1,0.09305581924472023,1,47,4,3,2
4,1,0,0.31668723771773777,0,14,3,3,2
5,2,1,0.03045710179263511,1,66,4,3,2
