,RMSE,MAE,MAPE,R2
0,0.5663210311217629,0.4373721155510062,22.225291532656566,0.8455325348601073
1,0.5616091040843384,0.4288470263293102,21.15584862676624,0.8480922544753867
2,0.572885703313179,0.4426843632998921,21.176960507454062,0.8419306715486812
3,0.5894203442246453,0.45970677783517616,21.3647631543877,0.8326745957021185
4,0.6067416033184302,0.4772795586153155,21.550256978381622,0.8226957322472502
5,0.6247357341307676,0.4935497049958933,21.66761135949531,0.8120231640900675
6,0.6421945448849854,0.510108704077346,21.972558207584935,0.8013699902805362
