,RMSE,MAE,MAPE,R2
0,0.5351564418389203,0.41316207855585085,21.021635148318378,0.862065420695806
1,0.5482248703438073,0.41602700868532777,21.570585414783036,0.8552464889124969
2,0.5414324456045404,0.41622949530610026,21.44867469884345,0.8588112170463513
3,0.5596773193905216,0.4359634999980529,22.0412005083183,0.8491355009457136
4,0.560188042690783,0.4262639332505919,21.640437478408987,0.8488600380406808
5,0.5542190742944959,0.42766327004205623,21.234128792118817,0.8520637598375449
6,0.5872171327224769,0.45867463241659456,22.43758317185703,0.8339231588339474
