,RMSE,MAE,MAPE,R2
0,0.7819678340543854,0.6244366861425696,35.986888107659546,0.7054972073623984
1,0.9392037655088525,0.7986050740473327,45.66424047924444,0.5751542385538111
2,1.0013443110728024,0.8598465446297612,49.16562807850084,0.5170763113341028
3,1.022724577548335,0.8778852576294115,49.88902988721913,0.4962338001659624
4,1.0506667812139732,0.9160522888593731,51.26829661494615,0.46833062807386727
5,1.0985323356119034,0.9744125924003975,53.618842848870116,0.41878430999037897
6,1.1412562932799926,1.0205890878297035,55.55483391144901,0.3726960670874053
