,RMSE,MAE,MAPE,R2
0,0.630814866356984,0.4955369470488458,21.206119793854334,0.80834706296808
1,0.6979834960231366,0.5494450074625866,21.935865627188445,0.7653600555865658
2,0.7557639538726112,0.5962442407906057,22.90909745461741,0.7249041819283759
3,0.8426337441934585,0.6678509294986725,24.697283055962373,0.6580289566114598
4,0.922180903058778,0.7281194989851544,25.481861295279433,0.5904151461242679
5,0.976527921095897,0.7751355236555849,26.608801982474166,0.5407163660911478
6,1.029988300103711,0.8218261912117402,27.90635961115065,0.48905256590838164
