,pilhas,filters,dropout,norm,lags,num_conv,kernel_size,tipo
0,1,2,0.2753679970044459,0,8,3,3,2
1,1,1,0.08431244513649838,0,5,2,2,2
2,1,2,0.1376772723964207,1,165,4,11,2
3,2,0,0.26173755859619297,0,4,1,11,2
4,2,1,0.10572046264307161,0,32,2,5,2
5,2,0,0.18953978613115313,1,25,3,2,2
