,RMSE,MAE,MAPE,R2
0,0.5619834779970805,0.43661223480247324,20.795361490012418,0.8478896607076158
1,0.5827595479928235,0.44911519476984235,20.271324174651845,0.8364349784763562
2,0.6127422902777901,0.4817707408844006,20.645581125969397,0.8191713039489888
3,0.6535608528639094,0.521819115662149,21.567952895603423,0.7942765962412024
4,0.7076646902652506,0.5675750146926869,22.538014680434387,0.758805893008703
5,0.771608520129961,0.6115234891105265,23.036577192808068,0.7132485196825855
6,0.8239445757304644,0.6513901017393385,23.32226906018784,0.6730302030701774
