,RMSE,MAE,MAPE,R2
0,0.49438445576834233,0.36578724713811467,24.778770582883215,0.8675590979938329
1,0.4856151065371329,0.36729891536707016,25.25319906418465,0.8722158784397712
2,0.49040506852068894,0.3752475491783641,26.21070475019901,0.8696825973768327
3,0.5033172974668002,0.3908246179166678,27.440276584147185,0.8627298124122642
4,0.5196904635076649,0.40908900078822363,28.776843645621174,0.8536536113179467
5,0.5382136864300556,0.4278692558615863,30.062376807691386,0.8430353015882083
6,0.559153428984777,0.44760027174946965,31.361461670608204,0.8305839701198505
