,pilhas,filters,dropout,norm,lags,num_conv,kernel_size,tipo
0,1,1,0.062115212939890696,1,18,4,11,2
1,2,1,0.49595457985361757,0,28,1,11,2
2,1,1,0.249425248206112,0,6,1,5,2
3,2,0,0.3368517139126748,0,9,1,3,2
4,1,1,0.30042165574925034,1,125,5,11,2
5,1,0,0.22848299607584666,1,5,2,2,2
