,RMSE,MAE,MAPE,R2
0,0.5497877800311042,0.4111401052418964,21.136801140199037,0.912262727180138
1,0.5579121595755626,0.4206333782842238,21.105077491152045,0.9096505279231394
2,0.5739075465822663,0.4336297936034752,21.09950967323169,0.9043956096149305
3,0.5941604795006478,0.4470211233526257,21.079664512066945,0.8975288787528819
4,0.611509295709767,0.45743035497817586,20.950115392163994,0.8914574320708993
5,0.6348885040538955,0.4750402452379254,21.19449575777924,0.8829991835707193
6,0.66007270319953,0.49316206150021114,21.515023803913362,0.87353291397118
