,RMSE,MAE,MAPE,R2
0,0.5590705164489639,0.4303082093436113,26.02680506048799,0.774755506221702
1,0.5862295733381814,0.4521219189162708,25.73701453421085,0.7523396679995034
2,0.605884923872878,0.45975117147279254,25.457478049897432,0.7354539408677387
3,0.6414048541807436,0.477579078082145,25.512750554613827,0.7035267673762171
4,0.6569626654243637,0.48777792728823344,25.765577440595926,0.6889699261668248
5,0.6791864785169289,0.4967202125054654,25.771968165744358,0.6675708749745368
6,0.6821400155190527,0.49592898594804163,25.498246138627007,0.664673359814237
