,RMSE,MAE,MAPE,R2
0,0.49273550515351006,0.3632259713196684,26.112618397841818,0.8376192253735019
1,0.4950249650775784,0.3671020811786211,27.364682181050306,0.8361067386134727
2,0.5203619413192899,0.38625304808766986,29.97377494565983,0.8189002109551655
3,0.5887609929291799,0.442829272764164,34.939406369902464,0.7681618236095529
4,0.7661581235624442,0.5809333095632805,44.632817179504634,0.6074059480722523
5,1.1962185817070288,0.9124894017861225,64.44212467132358,0.04296464340841921
6,2.1540315146665936,1.6201968153781217,104.097310250321,-2.103208812343306
