,pilhas,filters,dropout,norm,lags,num_conv,kernel_size,tipo
0,1,2,0.25958392361114113,0,20,3,3,2
1,2,0,0.25757498035144705,1,46,4,11,2
2,2,2,0.4012537373184667,1,3,1,2,2
3,2,0,0.11372905823795892,0,84,4,3,2
4,1,1,0.32047643835241013,1,19,3,11,2
5,2,0,0.4585626000671526,1,38,3,3,2
