,pilhas,filters,dropout,norm,lags,num_conv,kernel_size,tipo
0,1,0,0.023171549227870125,0,26,2,11,2
1,2,0,0.46649887477656626,0,73,5,5,2
2,2,1,0.26856873455301267,1,26,3,2,2
3,1,2,0.1573166901535275,1,34,5,3,2
4,1,0,0.44475362353408576,0,22,4,2,2
5,1,2,0.07701173777094467,0,4,2,5,2
