,RMSE,MAE,MAPE,R2
0,0.675280597003358,0.5044329720759101,22.23017943607409,0.8698854029021362
1,0.6895262993715858,0.5214015746660444,22.64268700509655,0.8643377081940439
2,0.7287049926999397,0.5550117598013717,23.732829755084055,0.8484831373905338
3,0.7789274593200511,0.5984211599175957,25.22795043090077,0.8268783003569007
4,0.8348061300868731,0.6476445785646553,26.8781607111504,0.8011485611501432
5,0.8955794766695645,0.6998608718923797,28.6383523618645,0.7711421866692967
6,0.9572273981409195,0.7539953732282866,30.49032431289857,0.7385505574593496
