,pilhas,filters,dropout,norm,lags,num_conv,kernel_size,tipo
0,2,2,0.40904223792958355,0,11,1,3,2
1,2,2,0.3836683655040751,0,29,1,11,2
2,2,1,0.27566296297930276,1,127,3,11,2
3,1,0,0.12429583291802065,1,163,4,11,2
4,2,1,0.1222606418547505,0,12,2,2,2
5,1,2,0.3308378082459515,1,2,1,3,2
