,RMSE,MAE,MAPE,R2
0,0.4395441251949587,0.33206898363554543,25.30671634013934,0.7245128436614037
1,0.4379519494974747,0.33333011232160786,25.04942591838401,0.726505041982015
2,0.4434903018995864,0.3347526745824982,24.580182446395924,0.7195440545913365
3,0.4564732099834206,0.3417250161056382,24.80389045083682,0.7028833531962391
4,0.4674575941156586,0.3436123174285226,24.472607878323117,0.6884119196211361
5,0.46956660757351715,0.3508993032859934,24.7544961110482,0.6855940132713036
6,0.47083182852805733,0.3514884919156693,24.635863210182094,0.683897431990748
