,pilhas,filters,dropout,norm,lags,num_conv,kernel_size,tipo
0,2,0,0.3391140348289671,0,60,3,5,2
1,2,1,0.060817836375849976,1,10,1,11,2
2,2,2,0.07090788486840133,0,117,3,11,2
3,2,2,0.49637706220938554,0,48,3,5,2
4,1,0,0.36771215136998175,0,91,5,3,2
5,2,0,0.4581536516201291,0,77,5,5,2
