,RMSE,MAE,MAPE,R2
0,0.4534090417564557,0.3313601740751774,25.43893367173059,0.7329709793515904
1,0.4500823907865219,0.3288615124397238,26.016417110509927,0.7368749755497934
2,0.43460777343152257,0.32502300057204186,25.65732485587976,0.7546573285751821
3,0.4609510304789465,0.34318094729280607,26.88562402204479,0.7240135943345922
4,0.45538144647256096,0.33987522427407424,26.325717242455614,0.7306426848357601
5,0.4444635653798429,0.3409970058746572,26.620360481577176,0.7434036694093183
6,0.47999170931827445,0.3645163408820458,28.45907878642179,0.7007421288328897
