,RMSE,MAE,MAPE,R2
0,0.5049520117894314,0.36761398476173696,25.860475898038125,0.8337392829486274
1,0.5074275859218744,0.3665813450465836,26.16274837189393,0.8321050695911973
2,0.5239200711236952,0.3784123186964842,27.164137273118076,0.8210138162603783
3,0.5602595970777297,0.4038740629324981,28.739869161915426,0.7953234703529716
4,0.6177670175849088,0.4456298318612985,31.08864165636996,0.7511492975511507
5,0.6977270486122407,0.5049706977694097,34.30897222335337,0.6825608010502227
6,0.8111908339438785,0.5960714282289642,39.08878133733933,0.5709227337529403
