,pilhas,filters,dropout,norm,lags,num_conv,kernel_size,tipo
0,1,2,0.23241003766101936,1,5,2,2,2
1,2,0,0.2926541940017908,0,26,3,3,2
2,1,2,0.3911481963302794,1,87,5,3,2
3,2,2,0.11265860211746714,1,15,2,3,2
4,2,2,0.1206291138018209,0,22,3,2,2
5,1,1,0.3732487625156104,0,32,5,3,2
