,pilhas,filters,dropout,norm,lags,num_conv,kernel_size,tipo
0,1,1,0.03601461700867353,1,181,5,11,2
1,2,1,0.015666787133172544,1,123,4,5,2
2,2,2,0.3609063777214258,0,39,2,11,2
3,2,2,0.24359422403131598,1,100,5,5,2
4,1,1,0.4717447040387241,0,83,3,11,2
5,1,0,0.012909565470640205,1,39,5,2,2
