,pilhas,filters,dropout,norm,lags,num_conv,kernel_size,tipo
0,1,2,0.09506268689356961,0,205,5,11,2
1,2,1,0.4157881491475999,1,10,2,2,2
2,2,1,0.29358039492562016,0,215,5,5,2
3,2,1,0.3965219788306096,0,26,1,11,2
4,1,1,0.4369086982560405,1,9,2,5,2
5,2,1,0.4682258712468785,0,72,5,2,2
