,pilhas,filters,dropout,norm,lags,num_conv,kernel_size,tipo
0,1,0,0.4775088489193627,0,4,1,3,2
1,1,1,0.16416750280120607,0,12,3,2,2
2,1,0,0.34384687163658323,0,87,4,11,2
3,1,1,0.22640618825145453,1,73,5,11,2
4,2,1,0.25632956689776726,0,94,4,11,2
5,2,1,0.30831999535751964,0,4,1,2,2
