,pilhas,filters,dropout,norm,lags,num_conv,kernel_size,tipo
0,2,2,0.13302427247637033,1,50,4,3,2
1,1,2,0.02827942156069857,0,58,4,5,2
2,2,0,0.11067137980507674,0,43,1,11,2
3,2,2,0.3874921500414451,1,200,5,5,2
4,2,1,0.30259110349333657,1,25,3,5,2
5,1,0,0.07925247329325524,1,12,3,5,2
