,pilhas,filters,dropout,norm,lags,num_conv,kernel_size,tipo
0,1,2,0.26429238634035757,0,15,2,11,2
1,1,2,0.08288986807580256,0,2,1,2,2
2,1,1,0.10768643790933013,0,11,3,2,2
3,1,0,0.2226584226470925,1,4,1,5,2
4,2,1,0.32235018715897984,1,7,1,11,2
5,1,1,0.2007570376075145,0,13,2,5,2
