,pilhas,filters,dropout,norm,lags,num_conv,kernel_size,tipo
0,1,1,0.21921449643085178,1,34,4,5,2
1,1,2,0.4724999890465102,0,8,3,2,2
2,1,0,0.016105260967357815,1,6,1,3,2
3,2,0,0.11873330538137311,0,27,3,3,2
4,2,1,0.2690585868427662,1,92,4,3,2
5,2,1,0.04868349502333069,0,167,3,11,2
