,pilhas,filters,dropout,norm,lags,num_conv,kernel_size,tipo
0,2,2,0.01670919822584155,0,18,3,3,2
1,2,1,0.4901359289768808,1,43,3,5,2
2,1,0,0.2596469861227508,1,34,5,2,2
3,1,2,0.30474906467416873,1,5,2,2,2
4,1,0,0.45929684566438334,0,7,2,2,2
5,2,1,0.23318376742326763,0,78,4,5,2
