,pilhas,filters,dropout,norm,lags,num_conv,kernel_size,tipo
0,2,0,0.22316303425953077,0,2,1,3,2
1,1,0,0.28010193941915595,1,45,4,3,2
2,1,2,0.45507077529416556,0,17,4,3,2
3,1,0,0.4937226202498132,1,4,1,5,2
4,2,1,0.47268960612311256,1,78,3,5,2
5,2,1,0.2607768069255852,0,9,2,3,2
