,pilhas,filters,dropout,norm,lags,num_conv,kernel_size,tipo
0,2,1,0.11805698974799023,0,100,5,2,2
1,2,1,0.44306016183881286,1,9,2,11,2
2,1,1,0.07191933991108468,0,30,3,11,2
3,1,1,0.01848664266596589,1,3,1,5,2
4,2,2,0.4439828336592046,0,129,5,3,2
5,1,0,0.2479590084910107,0,21,4,2,2
