,RMSE,MAE,MAPE,R2
0,0.45169713529233513,0.3409152608618043,33.41063908095289,0.3519462377810101
1,0.45555533210195776,0.34902678941784343,36.24544898515991,0.34082818070221066
2,0.4744922325937482,0.3698949161658879,40.11273409244704,0.2848871555586129
3,0.5015346713440049,0.3983841515040585,44.0684632273517,0.20105241830859388
4,0.5301527378468646,0.42973789043264965,48.09076267015794,0.10727359422234051
5,0.5625906717547,0.4648827569732394,52.30454172103105,-0.005313275435685716
6,0.5926424592229188,0.4966906741529009,56.1510018152919,-0.11558300464605198
