,pilhas,filters,dropout,norm,lags,num_conv,kernel_size,tipo
0,1,0,0.22964097145165074,0,4,1,5,2
1,1,0,0.4280229308132332,0,21,3,5,2
2,2,1,0.44951928669891783,0,47,4,2,2
3,2,2,0.05609012682252135,0,24,3,2,2
4,1,2,0.08815886128668277,0,49,5,2,2
5,1,1,0.177984052997466,0,5,1,3,2
