,RMSE,MAE,MAPE,R2
0,0.5117302802022091,0.3724439419330569,23.566393509289757,0.8791475606024477
1,0.49489449911338285,0.36797374177916814,23.784081622281306,0.8869687729321531
2,0.4999430885057855,0.3754426173557496,24.49397151668327,0.884650869036301
3,0.5070287296996215,0.3829635057974093,25.10482661217716,0.8813580363656861
4,0.517644012724867,0.39103269449595746,25.642664303237705,0.8763381954894192
5,0.521387784675285,0.39839591995716606,25.98280021931421,0.874543001383072
6,0.5251496750624715,0.4054037844559884,26.32263916861981,0.8727260884998272
