,RMSE,MAE,MAPE,R2
0,0.5388787427924605,0.4020886363248036,21.228590128314874,0.9069102052330553
1,0.539701726220023,0.4069438185655707,20.948885142828647,0.9066256519439069
2,0.5459391304753352,0.4131100736917284,21.241828733289555,0.9044549007948759
3,0.5580633498273638,0.41898839789941517,21.593620426288222,0.9001640461538102
4,0.5726300992329523,0.4225635641249434,21.86845105513705,0.8948841243174526
5,0.6189950931552116,0.45881719693772455,22.801579978685034,0.8771728482860198
6,0.762415291156375,0.5386908056209021,25.12379403135126,0.8136612557970611
