,pilhas,filters,dropout,norm,lags,num_conv,kernel_size,tipo
0,2,2,0.4409068710789553,0,19,1,5,2
1,2,1,0.13137562376093226,1,135,3,11,2
2,2,0,0.2899827042165123,0,47,4,2,2
3,2,1,0.0015548980003114998,0,10,3,2,2
4,2,0,0.13365768904863612,0,27,2,5,2
5,2,0,0.2222787010811263,0,11,1,3,2
