,pilhas,filters,dropout,norm,lags,num_conv,kernel_size,tipo
0,2,2,0.004387614167936649,0,83,4,5,2
1,2,2,0.4896167429689672,0,11,1,11,2
2,1,1,0.27417435798923934,1,27,3,5,2
3,1,0,0.26143848827893024,0,83,5,5,2
4,2,2,0.17972795330849112,1,13,2,2,2
5,1,1,0.13627554959881472,0,5,2,3,2
