,pilhas,filters,dropout,norm,lags,num_conv,kernel_size,tipo
0,1,0,0.22859322433141194,0,9,2,11,2
1,2,2,0.17379279582559998,1,185,5,11,2
2,2,2,0.2458658877858561,0,7,2,5,2
3,1,1,0.1601812220988168,1,2,1,2,2
4,1,0,0.01081779583407777,1,17,1,11,2
5,2,0,0.37210706672662686,1,10,1,5,2
