,pilhas,filters,dropout,norm,lags,num_conv,kernel_size,tipo
0,1,1,0.2727531668261532,1,7,2,2,2
1,1,0,0.2565330693225128,0,22,4,2,2
2,1,2,0.34098313680033304,0,28,3,11,2
3,1,0,0.4992021978538368,0,40,3,11,2
4,1,2,0.10448970782329364,0,70,5,5,2
5,2,0,0.3625000696551459,1,58,5,2,2
