,pilhas,filters,dropout,norm,lags,num_conv,kernel_size,tipo
0,1,2,0.39356558613533316,0,97,5,5,2
1,1,1,0.18280804593284444,0,17,1,11,2
2,2,1,0.16253198815405295,0,16,2,3,2
3,1,1,0.2508607546909104,1,51,5,2,2
4,2,2,0.25657279783291026,0,30,2,11,2
5,2,1,0.48987247171529175,0,17,3,2,2
