,RMSE,MAE,MAPE,R2
0,0.505120722146665,0.4206438106298447,31.225943517951777,0.27194804342726187
1,0.500667202815633,0.4214665347397327,31.148583829563474,0.28472954157992536
2,0.505281108444745,0.4211830948352814,31.235147328017977,0.2714856268548207
3,0.49537557757050305,0.41048347719609735,30.49874745126438,0.2997692381414724
4,0.49486042621525633,0.41369065502285957,30.825938414264364,0.301224849922354
5,0.4978196443494554,0.4150238345712423,31.068933675967898,0.2928426447860062
6,0.5009187849515596,0.41716671782135967,31.26983695977268,0.2840105231166703
