,RMSE,MAE,MAPE,R2
0,0.5382898943435072,0.4479681821528536,30.679538008810113,0.17907920994707216
1,0.4806662175044402,0.404346338315652,31.581625187988326,0.3454301448730476
2,0.5844691866896294,0.4674282874401945,31.035865621848252,0.03218568549554768
3,0.5174802245954806,0.42277842729595994,33.10109579185258,0.24132405000777923
4,0.5823306528035104,0.4850033033398482,32.606663432511255,0.03925506502820353
5,0.5243543999967006,0.4277364003027861,33.4689944557236,0.22103376266420705
6,0.5606648355620206,0.47130059010592795,32.76835096760968,0.10941487317555332
