,RMSE,MAE,MAPE,R2
0,0.5073959869889305,0.3972268089004525,32.93601365740256,0.7165683380002583
1,0.548873115210559,0.418588611681931,37.392793693319064,0.6683360834794243
2,0.7863292396622998,0.6007520321973098,51.03546401488743,0.31928839016632493
3,1.4071583389053153,1.0822106020283249,80.57149660813135,-1.179918437887296
4,2.631798041972029,2.006637698676808,135.75577700867956,-6.625343747427066
5,4.9164019687507325,3.7080675908888048,237.7768880167161,-25.610257379416385
6,9.200275027737506,6.871267429673313,428.070956942522,-92.18712808440607
