,RMSE,MAE,MAPE,R2
0,0.8318586393218307,0.6482218133489246,47.88372221298036,-1.4101061170534388
1,1.09427857726919,0.8617110722577662,63.891918464361716,-3.170545815352755
2,1.11584926724015,0.8466956541051943,61.32848860301346,-3.3365880368671457
3,1.1295742802211297,0.8470089936531462,61.788335882807985,-3.4439247121076573
4,1.1847278368731713,0.8635681424683259,63.03647484246556,-3.888485013954223
5,1.1366819145365712,0.8013552802695751,58.694404348807225,-3.5000257869450957
6,1.1333397303431867,0.786647804434058,59.26895101215762,-3.473601852610212
