,pilhas,filters,dropout,norm,lags,num_conv,kernel_size,tipo
0,2,0,0.1975440995940712,0,15,2,3,2
1,1,1,0.37585829643780566,1,79,5,5,2
2,2,1,0.39526280666333186,0,7,1,3,2
3,1,0,0.11843005829463671,1,10,1,5,2
4,2,0,0.4301984367934269,0,11,3,11,2
5,2,0,0.266520803198134,0,14,2,2,2
