,pilhas,filters,dropout,norm,lags,num_conv,kernel_size,tipo
0,1,0,0.27101241132251164,1,127,4,11,2
1,2,2,0.4228753837217871,1,69,3,5,2
2,1,0,0.21223603238315147,0,33,5,11,2
3,2,0,0.3909231881193051,1,8,2,3,2
4,2,1,0.42151778228828507,1,37,1,11,2
5,1,1,0.45408164779271526,1,33,3,5,2
