,RMSE,MAE,MAPE,R2
0,0.5528375854804598,0.4357640617305477,26.387446209931802,0.8605488073142645
1,0.6316706108974767,0.5208439041349779,31.33660374820059,0.8179425511441734
2,0.7246437204521581,0.5921975723149834,33.786141967409996,0.760405868666924
3,0.7777510485469511,0.6309834730753611,34.68201091316617,0.7240004839568349
4,0.8355386353712289,0.6673831481974701,34.51939922898376,0.681462781837277
5,0.905448932309533,0.7217442292003924,36.712091212511474,0.6259281462287942
6,0.9970633008425629,0.7970035647289379,39.94392130101143,0.5464004942207721
