,pilhas,filters,dropout,norm,lags,num_conv,kernel_size,tipo
0,2,1,0.18150565108120353,1,43,5,3,2
1,2,0,0.14495400688811083,1,88,3,11,2
2,1,2,0.25496950199717083,0,5,2,2,2
3,1,1,0.35295339257003416,1,14,3,11,2
4,2,0,0.36683331259925595,1,68,2,11,2
5,2,1,0.10155276942539293,1,24,3,5,2
