,RMSE,MAE,MAPE,R2
0,0.5939802633617169,0.44066219189907097,21.408098881077073,0.8858941818306606
1,0.6906106008650069,0.514012777390832,22.3646959888262,0.8457481998214542
2,0.7652763381214306,0.5702035554312018,23.41938184362317,0.8105911222027785
3,0.8473502392546713,0.6264865798012557,24.466326526958007,0.767785319051896
4,0.9165474468260134,0.6743813605711325,25.295136682449115,0.7283099935568069
5,1.0059985690565685,0.7334056865072764,26.36110593181995,0.6726905938814376
6,1.092797616158316,0.7922905427681112,27.549517882720604,0.6137724598926648
