,RMSE,MAE,MAPE,R2
0,0.5548082937078074,0.41181371618006246,21.4843662873498,0.902547910695122
1,0.5553686801534626,0.415187661301534,21.70478118131347,0.9023509474899359
2,0.5788383120418038,0.4337641476451814,21.547719565418586,0.8939233484787422
3,0.5845027745391024,0.4356161797486464,21.679386692493825,0.8918370759582436
4,0.6388229998230462,0.4790110780791175,22.261210823419685,0.8707988578254964
5,0.6600196650526402,0.4919870467047184,22.53251161516643,0.8620826143694185
6,0.7156368308376759,0.534389676360434,23.29491500922278,0.8378598267012114
