,RMSE,MAE,MAPE,R2
0,0.5085775438909597,0.37868149352712294,22.711338111868105,0.8976009498541709
1,0.5073750068139506,0.37431211695987354,22.741089393725648,0.8980846246628261
2,0.5225371605206944,0.3944484757381131,23.60783460894636,0.8919024303418668
3,0.5148540055893638,0.3796798878264644,22.94475915529269,0.8950578977891936
4,0.5587540702154454,0.427216947880386,24.84005426129207,0.8763987202415514
5,0.5207190836417811,0.383269484545001,23.35462594438028,0.8926533350104647
6,0.5817189707874263,0.4506265483567922,26.225080272619667,0.8660298566509428
