,RMSE,MAE,MAPE,R2
0,0.6432801546352448,0.4793657275675184,21.77083912916565,0.8665672412623112
1,0.7656327139047818,0.57652615221789,23.61081867631938,0.8109820182996568
2,0.8982359299144885,0.6713995061489518,25.486688398605917,0.7398385141066885
3,1.0163709864021537,0.7484432450759767,26.745914169968472,0.6669061024009737
4,1.1049397783466661,0.812017493502084,28.3389532010637,0.6063236046196547
5,1.1693023495517132,0.8587398305482495,29.528224283815696,0.5591246648039547
6,1.1922427967114428,0.8811341806505321,30.508292289478263,0.5416559767420764
