,RMSE,MAE,MAPE,R2
0,0.5303230060048422,0.393299350690081,24.288551710762412,0.8766543499175554
1,0.5496016297072626,0.412199748547693,26.68451064725361,0.8675234753280605
2,0.562081328059409,0.42960678882325587,26.51951408132172,0.8614389326895384
3,0.5792511545125916,0.44802497847040945,30.904625884105013,0.8528444253686709
4,0.6795488538451887,0.5238667468501434,30.81697274657531,0.7974723742623979
5,0.6243671561625652,0.49554883179495496,35.77615698136704,0.8290287834003455
6,0.8439492449733706,0.6389373216212986,35.59357454174304,0.6876255094961191
