,pilhas,filters,dropout,norm,lags,num_conv,kernel_size,tipo
0,1,0,0.48327686879025594,0,3,1,2,2
1,1,2,0.14454835987985665,1,4,1,3,2
2,1,2,0.10889528687006889,0,4,1,2,2
3,1,1,0.20271536697168846,1,3,1,2,2
4,2,2,0.47536431091612297,0,7,1,2,2
5,1,1,0.44565839577721933,0,10,1,5,2
