,pilhas,filters,dropout,norm,lags,num_conv,kernel_size,tipo
0,2,2,0.3586585663743349,0,73,4,3,2
1,1,1,0.15391073521520565,1,62,5,2,2
2,2,2,0.07278236814923017,0,17,2,5,2
3,1,1,0.18332355612181422,0,2,1,2,2
4,2,0,0.0721253591527744,1,83,5,11,2
5,1,2,0.37707026304126096,1,3,1,3,2
