,pilhas,filters,dropout,norm,lags,num_conv,kernel_size,tipo
0,1,0,0.08706331971088299,1,41,4,11,2
1,2,2,0.3085771277583149,0,12,1,3,2
2,1,0,0.4779392284405477,1,8,3,2,2
3,1,2,0.07703214291095567,0,7,2,3,2
4,2,0,0.46066982206538754,0,11,2,3,2
5,2,0,0.3350775624387005,1,10,2,2,2
