,pilhas,filters,dropout,norm,lags,num_conv,kernel_size,tipo
0,1,2,0.2577713947060512,0,88,5,3,2
1,1,2,0.3258004719122478,0,3,1,5,2
2,2,2,0.3238920016703751,1,13,2,3,2
3,1,0,0.08250325805530412,1,68,3,11,2
4,1,0,0.33473512342038164,1,70,5,5,2
5,1,2,0.30213540255862953,1,19,3,3,2
