,pilhas,filters,dropout,norm,lags,num_conv,kernel_size,tipo
0,1,0,0.19618771870278073,1,18,4,2,2
1,1,1,0.42388335507372266,0,16,2,5,2
2,1,2,0.10159158249140726,1,51,5,2,2
3,2,0,0.41206288447877987,0,9,1,5,2
4,1,2,0.48936731800736344,0,4,1,2,2
5,1,0,0.17288233158448763,0,115,5,5,2
