,RMSE,MAE,MAPE,R2
0,0.4864715752308178,0.3636085282921847,25.438552607599636,0.7697828349497241
1,0.47373579751905287,0.34882592835687526,24.340802166118465,0.7816791722571749
2,0.4636681346517733,0.34575093134702206,24.738282938172258,0.7908599230317096
3,0.474481282751045,0.35317238716729243,24.833281789861143,0.7809915188779147
4,0.4765871164919185,0.3601936209589382,25.232902150248925,0.77904320647744
5,0.4739669757518978,0.35773540416598554,25.29447901133927,0.7814660435973301
6,0.4752289132539944,0.3576772519368298,24.86892535459638,0.7803008007159562
