,pilhas,filters,dropout,norm,lags,num_conv,kernel_size,tipo
0,1,2,0.21334732248251187,0,12,2,3,2
1,1,1,0.26768597908766406,0,42,4,5,2
2,2,0,0.07485593064721507,0,15,3,2,2
3,1,1,0.41302231565073705,0,54,4,5,2
4,2,0,0.30961991390904237,0,8,2,2,2
5,2,1,0.302964015400287,1,6,2,2,2
