,pilhas,filters,dropout,norm,lags,num_conv,kernel_size,tipo
0,1,2,0.35753833655101824,1,20,1,11,2
1,2,0,0.1009305576258801,1,20,2,3,2
2,2,1,0.17570166506161883,0,62,4,3,2
3,2,2,0.4366488045748358,0,31,4,2,2
4,1,1,0.15400138932614515,0,10,1,5,2
5,1,2,0.17617090447772815,0,26,4,2,2
