,RMSE,MAE,MAPE,R2
0,0.6287472715078185,0.47514845652643733,21.32094319010757,0.8906444453577587
1,0.6790108896587407,0.5163724318815878,22.109924594038198,0.8724612666462171
2,0.7610263146468396,0.5802143961805161,23.786469508965492,0.8397906092810895
3,0.8488216674370527,0.6506383715880414,25.730525074212217,0.8006934668297897
4,0.9340541579074954,0.720253662119539,27.654313424102682,0.7586580947800361
5,1.016326440654924,0.7864797897137886,29.50280687577736,0.7142705077872926
6,1.0893973897042508,0.8449401215806512,31.16126167589538,0.6717072578942062
