,pilhas,filters,dropout,norm,lags,num_conv,kernel_size,tipo
0,1,1,0.1931295556608354,0,17,4,2,2
1,2,2,0.306322815226176,0,48,3,3,2
2,1,1,0.49113353803274706,0,2,1,2,2
3,2,0,0.2018334732728922,1,17,2,11,2
4,2,2,0.02868266557116156,0,4,2,2,2
5,1,0,0.48959644859527424,1,86,4,11,2
