,RMSE,MAE,MAPE,R2
0,0.5839010380061568,0.5337777869310231,23.03834729004154,-0.27516930151585495
1,0.5752059470147276,0.5316856502788142,23.09428601464849,-0.23747401848985583
2,0.5973431541894175,0.48192841354757554,19.832592055791103,-0.33455702604347803
3,0.6607332991270145,0.5949409063206986,25.67677195062522,-0.6328329042764673
4,0.5377113245772952,0.47012798748910434,19.838178650084092,-0.08140337484717008
5,0.5964398513652285,0.5034510123543442,21.165377060797812,-0.33052384131120727
6,0.6188510706633028,0.5733446104452015,25.293155025174997,-0.4323912112433339
