,RMSE,MAE,MAPE,R2
0,0.5539328008656085,0.4098636386963112,21.748560854217523,0.9069954636763112
1,0.5487235570577144,0.41164433167393355,21.657637077370918,0.9087364879939471
2,0.5613839574619287,0.42224240326642026,22.11427126765765,0.904476558112997
3,0.583165943831203,0.43952491586940495,22.862115188940535,0.896920032109118
4,0.6059127282351637,0.4604437704841583,23.539246615612853,0.8887217932442945
5,0.6334807082623377,0.4820101933603575,24.23744894333567,0.8783655056001431
6,0.656356715895458,0.4993077236965352,24.815553572555675,0.8694220537436335
