,RMSE,MAE,MAPE,R2
0,0.6314244880892934,0.4795882525997503,20.37434590555129,0.885591414377446
1,0.6480776178402768,0.49293583256495854,20.09692195792577,0.8794770312819853
2,0.6865143600242557,0.5192400655156799,20.400202328437487,0.8647569280497671
3,0.7275419107436971,0.5495941122859717,20.90516414555067,0.8481090817306345
4,0.7712891271849039,0.5832037845239043,21.514038999710504,0.8292934468134274
5,0.8202277866923415,0.6184667971983553,22.006235466040234,0.806943365743389
6,0.8659292530835626,0.655420603199729,22.594561809150505,0.7848305559494798
