,RMSE,MAE,MAPE,R2
0,0.74924211253101,0.5648233203699821,23.439088905845594,0.8048185654053945
1,0.5778583222491928,0.4417629624136486,21.909136437961067,0.8838987512291145
2,1.0517150078009605,0.7753501535079288,28.805660940644838,0.6154168175777539
3,0.676741775148548,0.511422638253025,23.526995589056813,0.8407644182729068
4,1.1677445631197985,0.8732335737653406,31.97797660723593,0.5258782767455169
5,0.7457043142639992,0.5718088404751968,25.103236771473036,0.8066574430821949
6,1.3507987281968898,1.0070012292316208,35.761526333982,0.36558209350047144
