,RMSE,MAE,MAPE,R2
0,0.47231796145384125,0.40109965115425084,31.924507882445997,0.39299344644352885
1,0.4699656078407973,0.3980162415509263,31.09673537633203,0.39902471521478733
2,0.4834534924998849,0.4069347399569327,31.282431756627133,0.36403405404706535
3,0.49383944495493093,0.40767750627571536,31.26382827636626,0.33641584276717185
4,0.4855335855360702,0.4026179505572203,30.753922243201743,0.35854970354161186
5,0.485942324821404,0.3975812224611159,30.580415699125357,0.35746925801839313
6,0.4889261534085368,0.40578063305106843,31.331410211721334,0.3495543776376103
