,RMSE,MAE,MAPE,R2
0,0.7638966233647483,0.6240648091932137,28.531858892608707,-1.1739414180105503
1,0.6296142037667427,0.5131458314955234,31.628250934885237,-0.4768204243466654
2,1.7341911803634749,1.5757393552263577,77.63890300889138,-10.203987162289744
3,1.3448918589182353,1.1905608079433443,71.54365974615412,-5.73834721256127
4,4.020260279662065,3.864008414338033,202.6612585222024,-59.212547001119496
5,3.6422044783477885,3.4780038653910155,195.86331350713334,-48.42051926093302
6,10.038160931371348,9.658266893863676,516.994609838576,-374.3936864218924
