,RMSE,MAE,MAPE,R2
0,0.3837142352367756,0.30018441771598237,28.940164258037086,0.516798640503034
1,0.3807171096729295,0.3045331086722532,29.980163005067322,0.5243175654501555
2,0.3865949465888031,0.31143180632109485,31.017642870714667,0.5095161966704762
3,0.38857431043205226,0.31566255448176,31.654672612764067,0.504480790609168
4,0.39074822937686304,0.3174929262658483,32.083887369782246,0.49892081470274474
5,0.39433639679472765,0.3216496029664251,32.65545881189871,0.48967593006143684
6,0.4040459680330641,0.3272186720186382,33.10458403629666,0.4642355665226122
