,RMSE,MAE,MAPE,R2
0,0.5784715870766463,0.43292073935012015,23.508382064453944,0.8315629847457723
1,0.6188106101901729,0.4663541113009423,24.12159478192595,0.8072524017578856
2,0.6481081880583451,0.4818208022985027,24.677193453637905,0.7885690853214756
3,0.6754225409454395,0.4967642359231635,24.68234523327227,0.7703721430631303
4,0.6833345061877036,0.49474319276707973,24.231038398333148,0.7649608674765813
5,0.7121654209750506,0.5097159388658531,24.56053327010318,0.7447091568714354
6,0.7218660699856972,0.5102441583284915,24.331881986171744,0.737706982014035
