,RMSE,MAE,MAPE,R2
0,0.3935417797336935,0.2976485396645151,27.922054369242392,0.5307033663273906
1,0.38376934832547405,0.29412363067314795,27.58220117102832,0.553721137290091
2,0.3790594974754769,0.2916738863633754,27.378374308851892,0.5646079314031562
3,0.38141018838935037,0.2942489561410429,27.61946919908454,0.5591911266273086
4,0.3770699397840934,0.29321086274342034,27.353413586765505,0.5691663943750107
5,0.37393567362032076,0.2936826150019282,27.23655617366595,0.5762989440619708
6,0.3797477054921357,0.2981652833944191,27.342376214481686,0.5630255290490831
