,RMSE,MAE,MAPE,R2
0,0.49506948549597307,0.3725234746860881,26.706986414627558,0.8536233295990988
1,0.5251031779754427,0.4060736453768364,30.116013037982864,0.8353245570693237
2,0.5721307632758253,0.44298334894212577,34.03096287226284,0.8045074788926372
3,0.6560622388301058,0.4954038632088577,39.267127055556955,0.7429428843340429
4,0.8783637515291847,0.6320509482628327,48.813874563309014,0.5392255846527703
5,1.3858571927737482,0.9260439003276969,66.90234376410807,-0.14703457047081958
6,2.5414325063969305,1.5213785410140244,103.65893446777368,-2.8574180458101957
