,RMSE,MAE,MAPE,R2
0,0.5475838757245097,0.4134611836609374,22.539677012779734,0.913702547017383
1,0.5536784730486456,0.4173338226552769,24.12179756512465,0.9117708790265355
2,0.5707473219516276,0.4261006597656958,25.080324049893953,0.9062471583469914
3,0.5893914539674296,0.43627437286129706,26.585177594497704,0.9000220231557189
4,0.6268075918066358,0.4541471712248194,28.131134437790262,0.8869253710729654
5,0.7012742836413686,0.499426405418662,31.387120929552875,0.8584621801441846
6,0.9015362832963781,0.6255657981269075,38.540042676576206,0.766082294424417
