,RMSE,MAE,MAPE,R2
0,0.7241726285038205,0.5482326330800249,23.284669260394352,0.8490681529150919
1,0.7178615175253681,0.5490745477030278,23.305732338929136,0.8516874094532416
2,0.8841201963339627,0.6670406835716234,25.859636803985133,0.7750327506717609
3,0.8318712959759345,0.6389279232293154,25.22836694434833,0.8008368651700477
4,1.016966674866502,0.7575125677055662,27.339304375414216,0.7023470996415553
5,0.9576587813188566,0.7281905465297462,26.61234505138996,0.7360520666351609
6,1.191790121922044,0.8877287739800482,30.230958360824488,0.5912137886724389
