,RMSE,MAE,MAPE,R2
0,0.8478716613376301,0.6179022858251079,25.75569379879475,0.7931017033442321
1,0.6227969151482091,0.48561714829335395,23.749276373903864,0.888367775041871
2,0.9644100298561005,0.7070394792962581,28.644680502361425,0.7323174183909915
3,0.712049454585354,0.5388341337162177,25.00034682919124,0.854079270701663
4,1.0681137289915181,0.7798682801612217,29.789320081814395,0.6716540453863151
5,0.9069030793699985,0.670265329506245,27.41409587123066,0.7632890063959884
6,1.1888675011699719,0.8652912765786593,31.20415076465244,0.593216258957999
