,RMSE,MAE,MAPE,R2
0,0.5739796018221213,0.4364686131247498,22.42888254860075,0.9051822615263956
1,0.6193703530563427,0.4654721778035758,22.694325125719622,0.8895927729933656
2,0.6656365176870798,0.5013562007837786,23.51453813040173,0.8724821578163823
3,0.7186914574084518,0.5402602757890592,24.334404400914096,0.8513442745023773
4,0.76290356577094,0.5738295112608054,25.0737256824735,0.8324918412589866
5,0.8147976439922018,0.6115143303651072,25.892263130007247,0.8089283717930885
6,0.8552450407529985,0.6422031338766245,26.648678972800205,0.789487540926826
