,RMSE,MAE,MAPE,R2
0,0.7148339917161519,0.545081628243041,23.885781048485708,0.8529357653845198
1,0.8011708114731297,0.6033330051631896,25.542239345145052,0.8152659666473535
2,0.808365962623166,0.6107846485059469,26.13939875197219,0.8119329498625185
3,0.8070222292878187,0.6104395472575602,26.215753381311043,0.812557671676081
4,0.850625287571287,0.6427214586758097,26.77490590725295,0.7917556370892868
5,0.8265224810912453,0.6289176541906063,27.144632843460236,0.8033898127800755
6,0.9328393704567551,0.7051503473284888,28.492702176524787,0.7495561279405918
