,RMSE,MAE,MAPE,R2
0,0.6739377627332015,0.5185663543328649,23.317043973721955,0.8692817397747928
1,0.7633477971572985,0.57920775825597,23.920702360263803,0.8322967076936726
2,0.8391794602656502,0.636419357590374,25.412340269342298,0.7973221137224421
3,0.9499677974434992,0.7174879110906008,26.984651947388087,0.7402745888291092
4,1.029734807619518,0.7850876620312466,28.70857388632901,0.6948260480298782
5,1.0680363909034076,0.819769544825189,29.567736419280262,0.6717015922501934
6,1.0357488871824658,0.8014027716691072,29.340082054117833,0.6912509527921671
