,RMSE,MAE,MAPE,R2
0,0.5629748118218599,0.43203947680107324,23.13738242680861,0.9087832479729623
1,0.5888000673607267,0.4461084097646696,23.65121348217409,0.9002225553255753
2,0.5807302801523128,0.44613450789936415,24.42169525565917,0.9029388085438272
3,0.5709460682605474,0.445150652937426,24.816928849125624,0.9061818535274307
4,0.5856757889553552,0.45003182515214657,25.829280330834546,0.9012786199517487
5,0.6117271152304258,0.4585573153133036,27.006954645510234,0.892300884152585
6,0.6311144141401308,0.4749245678933489,28.466422876905877,0.8853661512536484
