,RMSE,MAE,MAPE,R2
0,0.5630599628095263,0.4304043151230237,23.101852668609244,0.9087556524792912
1,0.9234964496171567,0.6984454142252735,38.609128602949106,0.7545476832700535
2,2.4541598211943483,1.8685332276182685,97.9547423526549,-0.7334142349025974
3,9.117485670440136,6.7386500232830535,345.7030930399001,-22.924719471569585
4,36.08025250518204,26.093514920584592,1372.791875645985,-373.65869136074895
5,153.69907962063982,109.77382149153165,5860.220420685732,-6797.908697329552
6,672.72422898172,477.6764495393025,25704.690282337593,-130246.92539875883
