,RMSE,MAE,MAPE,R2
0,0.7359116884542769,0.5529682564910924,23.196325843179455,0.8441351890747019
1,0.7853346836573317,0.5922941472741168,24.501683435881088,0.8224967817154935
2,1.1284707508125968,0.834891829784854,29.285306546347346,0.6334972064879402
3,0.87502196429027,0.659845752240223,27.193708079383867,0.779639076150968
4,1.5234620292375431,1.1006616417836217,36.15681258964273,0.33202540702052386
5,1.1708395782353005,0.8068446940908551,39.7810281013637,0.6054596145643074
6,2.802848634691929,1.9392628258269229,72.04754954560411,-1.2609760643824584
