,RMSE,MAE,MAPE,R2
0,0.591276887535395,0.45313550019719523,22.032370913145634,0.8993813510310619
1,0.6340992327330834,0.4820908365966397,22.39772367121357,0.8842792790441169
2,0.6685260021186471,0.5068004796540213,22.843058445544216,0.8713726617414486
3,0.7042201350105597,0.5326326265362593,23.429915839333095,0.8572705633051959
4,0.7321754534744009,0.5561406656289357,24.068476961433618,0.8457138275827197
5,0.7659706794690835,0.5784751441433378,24.431977723324614,0.8311422622469165
6,0.7721723576182745,0.5825857534252291,24.38630530132107,0.8283968812520573
