,RMSE,MAE,MAPE,R2
0,0.5558436275004544,0.426738583462,23.431853836753888,0.9110794915399635
1,0.6010717432759707,0.43510488549969,24.42309163480278,0.8960201229998814
2,0.8095503090981996,0.5892282467134212,29.85484770661062,0.8113814676745639
3,1.3297565918903866,0.9756494962447972,41.917369094407704,0.4910900066436755
4,2.281859721083779,1.670036478296611,63.86956809276691,-0.49856146275478963
5,3.7831898457419877,2.7530419076554864,98.23595400379702,-3.1192006372949654
6,6.10422359217515,4.431697126655531,151.6861464576261,-9.724018176904883
