,RMSE,MAE,MAPE,R2
0,1.0781356945853795,0.8033903353010095,29.278968490535252,0.6654634877085186
1,0.6706488349771279,0.5046022573530226,24.34953890518866,0.8705544800500196
2,1.3428736247248063,1.0117119308434626,33.93945504306975,0.4810004715510058
3,0.9330776277654618,0.7014981241623626,27.37320302162884,0.749428179431936
4,1.2879763014392964,0.9689658422818748,32.419951424765465,0.5225670157958721
5,1.269844105823012,0.9375605778028471,31.895421308539706,0.5359150441052742
6,1.2217006786681126,0.9290920499051468,32.26107302066899,0.5704375550559978
