,RMSE,MAE,MAPE,R2
0,0.7566643427781646,0.5720469462093973,23.8408875827309,0.835220487887615
1,0.6047844640927027,0.4628953523614613,23.18983574795857,0.8947316227956322
2,0.7379162361437644,0.5576442021329938,23.909520542804522,0.843284913215233
3,0.6979934670838609,0.5304443268113676,23.936255995829008,0.8597834132535895
4,0.7203767381725108,0.5387485600475689,23.835718201336242,0.8506462827127026
5,0.6902025755190724,0.5130879604843746,22.989287855078377,0.8628960944140964
6,0.7944419712814755,0.5893424860036349,24.13313941291148,0.818356008745619
