,RMSE,MAE,MAPE,R2
0,0.7272609318657243,0.5519567851861196,24.228957731145243,0.8477780813876038
1,0.6638173417732327,0.5016694761807279,23.889958097216795,0.8731782145540918
2,0.7242556831195989,0.5529715710251051,24.80031545252451,0.8490335304924217
3,0.7524535293452358,0.5705631069406695,25.43059567789223,0.8370493705270527
4,0.8010746655884978,0.6060775439204245,26.798865192783904,0.8153103026392774
5,0.8298060863644902,0.6268072808642459,27.403843877198202,0.8018245252978102
6,0.8433668795830725,0.6421633613777697,27.96931527795263,0.7952943835582308
