,RMSE,MAE,MAPE,R2
0,0.7251701226283305,0.545193825914487,22.723117812324293,0.8486520716853609
1,0.6771207279394031,0.5147335306369677,22.469298422493114,0.868044075891847
2,0.7665203287287002,0.5760233099430103,24.023216475168134,0.830899835654159
3,0.7417550220061143,0.5604120941128226,23.69587298894295,0.8416501464498863
4,0.8500244977227299,0.652385424469525,28.466309207928823,0.7920496958683947
5,1.0870469014571418,0.7442780368347787,40.06865101987246,0.6599104870024414
6,2.6386931505548095,1.1234160683414625,85.36416786142954,-1.0038926613502288
