,RMSE,MAE,MAPE,R2
0,0.9555821076206378,0.7107021693711405,27.043714625355214,0.7371955624820792
1,0.6777057330980826,0.5157293319122219,24.2774207050538,0.8678159681415373
2,0.9671979335142727,0.7253381704368442,27.902805597756664,0.7307675549848893
3,0.876706240881131,0.6597802667810824,26.415025894082895,0.7787899410170613
4,1.0463083321855884,0.7788056778787729,28.29730425493022,0.6849234779281597
5,1.1408545790432207,0.8362214936942737,28.711168945828163,0.6254090721579166
6,1.1375520588778645,0.8356461436855062,29.431873893841694,0.6275746479632424
