,RMSE,MAE,MAPE,R2
0,0.6642480269794826,0.5123519218163499,23.802022709791984,0.8730135970238793
1,0.6557755417395367,0.49632530494408134,23.400308360604114,0.8762323613677478
2,0.6506831263057061,0.4938860166083744,23.794277774480374,0.8781471294332119
3,0.7562121635452339,0.5681454731421777,24.742366333793534,0.8354173720429654
4,0.7661661038529747,0.5802010556245686,24.87187640914805,0.8310560888990153
5,0.8436613202953474,0.6348194754320521,25.800897274201994,0.7951514227887194
6,0.8339213053987882,0.6276366973697399,25.537493849486303,0.7998540463562575
