,RMSE,MAE,MAPE,R2
0,0.6034470966375111,0.459277730788309,24.382427989338215,0.8951966706036668
1,0.5928367187966567,0.4454700172232904,26.11661207862922,0.8988497722134628
2,0.6124861986421929,0.4625428341305484,27.28650237642669,0.8920334337385437
3,0.6364059682571112,0.47948105795687096,28.26051129421156,0.8834358065466194
4,0.64803806102515,0.4900056761653311,29.51991934777035,0.879135794060077
5,0.6951902531467675,0.530818118778675,31.707241434910255,0.8609074003099719
6,0.7091900386799584,0.536573812200475,32.74473737668403,0.8552488812355796
