,RMSE,MAE,MAPE,R2
0,0.5638103123983024,0.43223495006347135,22.837957108304703,0.9085123008561382
1,0.5809672833466075,0.44246124346737237,22.523099287588003,0.9028595686375457
2,0.5821149085799119,0.44309569163865936,22.59577383885569,0.9024754130359554
3,0.5941444076597392,0.45311421365642274,22.424566878999542,0.8984030424237208
4,0.615305292594056,0.4714884770120963,22.505727531859343,0.8910372697348298
5,0.6593183777933362,0.5032492895718954,23.0631801347172,0.8748914363277227
6,0.6934688180883306,0.5262779979415548,23.36077332925785,0.8615953916224675
