,RMSE,MAE,MAPE,R2
0,0.7310003777469005,0.5505125402048328,23.902665628787076,0.8462086610328139
1,0.79731740790262,0.5970445656526837,24.295459138743873,0.8170387293693522
2,0.8893018933040608,0.6628200540543124,25.421075107852374,0.7723880239666766
3,0.9997963764974123,0.733336999798498,26.639170883802628,0.7123132949411913
4,1.041732726473601,0.7679449431254235,27.65410145424464,0.6876731715296103
5,1.1103400784915916,0.8220862744068353,28.733596458018084,0.6451794964946602
6,1.1831828943985765,0.8673965604920008,28.844443473286045,0.5970970567542855
