,RMSE,MAE,MAPE,R2
0,0.8350163741222282,0.6271886061572516,25.16285667111241,0.7993280555293538
1,0.7062955088449894,0.535092111476631,23.91162116204821,0.8564280613458464
2,1.6064909004956114,1.1553459163339055,38.81696499542356,0.2572319485417405
3,1.053271681231555,0.7873621395416434,31.304789590430065,0.6807157536823452
4,1.7909983145168389,1.312602632820461,41.47503736286329,0.07681863454046656
5,1.2382418886642206,0.9256453361113702,32.474953169281555,0.558726691575916
6,1.8204447849648098,1.3339486803667058,41.519430772028606,0.046212343884622364
