,RMSE,MAE,MAPE,R2
0,0.5577581411841366,0.43231714803957905,22.186104476199194,0.9104658919480441
1,0.6100635665723128,0.4665739964497282,22.288174738381393,0.8928858479543069
2,0.6492389604965535,0.4969552967403577,23.376424288589188,0.8786874245681513
3,0.6777786572687973,0.5158619125073417,23.452620882991553,0.8677875194238828
4,0.6989304465579698,0.5276938701865114,23.22348846059232,0.859406709884418
5,0.7386546519584986,0.5576223323483792,23.78652089254916,0.8429711139181316
6,0.7856002434722518,0.5937524815015487,23.992934657517765,0.8223767164934843
