,RMSE,MAE,MAPE,R2
0,0.9421183039855315,0.7062434709868445,29.74954256757704,0.7445490286068892
1,0.9902967589393799,0.7824269665573584,50.27606380941783,0.7177542632771963
2,1.907105658251979,1.4967321743635733,77.88293083572356,-0.04675774918758813
3,2.251457460739434,1.8049396135909888,126.17149754930298,-0.4588954401217791
4,3.5115824594598495,2.823330436164508,198.21822497194518,-2.548970728851412
5,5.398809897149315,4.23262242413618,309.55591187303094,-7.388662967942169
6,8.16875868421686,6.292430659752204,466.7615958486342,-18.204756655764015
