,RMSE,MAE,MAPE,R2
0,0.5852908970133741,0.45607515669881915,22.37359065987501,0.9014083319153409
1,0.594519314597457,0.4541944044874222,22.287720949770943,0.8982747859896942
2,0.5967015792073275,0.4587867468516327,22.518906834180157,0.8975266227128701
3,0.6358301609288566,0.48323794404589254,22.66318200410252,0.8836466410026311
4,0.618763942819476,0.4693354858595264,22.586205558523826,0.8898088611441437
5,0.6247950569078962,0.47800097436090966,22.48431472197214,0.8876503185937124
6,0.6464483149452355,0.49188291641239557,22.945028373917463,0.8797280670426147
