,RMSE,MAE,MAPE,R2
0,0.5994959714831143,0.461843438519591,22.38089690114449,0.8965645963878107
1,0.628524960073408,0.477959159140381,22.70697984113822,0.8863049037706823
2,0.6723837283296741,0.5134018144611842,23.189652311498513,0.8698838917049602
3,0.7145372048975737,0.5417006218566556,23.740331737151806,0.8530578571320797
4,0.7421545996219778,0.5590618844373294,24.200864819539404,0.8414794968488022
5,0.7835461655753697,0.5861062770295667,24.387548166637433,0.82330435133454
6,0.834765203492478,0.6250838476779923,25.063630783091128,0.7994487605111985
